doc_id,file_path,title,source_url,retrieved_at,document_version,license_or_permission
lazada-cach-tra-hang,data/chinh-sach-doi-tra/lazada-cach-tra-hang.md,Cách trả hàng trên Lazada (Các bước thực hiện!),https://helpcenter.lazada.vn/s/faq/knowledge?categoryId=101398409&m_station=faq&questionId=k0200000000000000000000000000aiz,2026-09-20,not-stated,public-source
lazada-cach-yeu-cau-hoan-tien,data/chinh-sach-doi-tra/lazada-cach-yeu-cau-hoan-tien.md,"Làm thế nào để yêu cầu ""Hoàn tiền""?",https://helpcenter.lazada.vn/s/faq/knowledge?categoryId=101397361&m_station=faq&questionId=k0200000000000000000000000000aae,2026-09-20,not-stated,public-source
lazada-chinh-sach-hoan-tien,data/chinh-sach-doi-tra/lazada-chinh-sach-hoan-tien.md,Chính sách hoàn tiền của Lazada,https://helpcenter.lazada.vn/s/faq/knowledge?categoryId=101400309&m_station=faq&questionId=k0200000000000000000000000000a55,2026-09-20,not-stated,public-source
lazada-dieu-khoan-nha-ban-hang,data/chinh-sach-doi-tra/lazada-dieu-khoan-nha-ban-hang.md,Điều khoản Dịch vụ Nhà Bán Hàng Lazada — Trả hàng & Giao hàng không thành công,https://sellercenter.lazada.vn/helpcenter/s/faq/knowledge?categoryId=1000028750&m_station=faq&questionId=1000154036,2026-09-20,2026-09-29,public-source
lazada-khi-nao-nhan-tien-hoan,data/chinh-sach-doi-tra/lazada-khi-nao-nhan-tien-hoan.md,Khi nào tôi sẽ nhận được tiền hoàn?,https://helpcenter.lazada.vn/s/faq/knowledge?categoryId=101400323&m_station=faq&questionId=k020000000000000000000000000098w,2026-09-20,not-stated,public-source
lazada-san-pham-khong-duoc-tra-lai,data/chinh-sach-doi-tra/lazada-san-pham-khong-duoc-tra-lai.md,Danh sách các loại sản phẩm không được trả lại,https://helpcenter.lazada.vn/s/faq/knowledge?categoryId=101398409&m_station=faq&questionId=k0200000000000000000000000000tb1,2026-09-20,not-stated,public-source
lazada-thong-tin-tra-hang,data/chinh-sach-doi-tra/lazada-thong-tin-tra-hang.md,Thông tin về việc trả hàng trên Lazada,https://helpcenter.lazada.vn/s/faq/knowledge?categoryId=101398409&m_station=faq&questionId=k0200000000000000000000000000a25,2026-09-20,not-stated,public-source
lazada-tra-hang-bi-tu-choi,data/chinh-sach-doi-tra/lazada-tra-hang-bi-tu-choi.md,Yêu cầu trả hàng bị từ chối? Bước tiếp theo của bạn,https://helpcenter.lazada.vn/s/faq/knowledge?categoryId=101398409&m_station=faq&questionId=k0200000000000000000000000000a77,2026-09-20,not-stated,public-source
lazada-yeu-cau-hoan-tien,data/chinh-sach-doi-tra/lazada-yeu-cau-hoan-tien.md,"Làm thế nào để yêu cầu ""Hoàn tiền"" cho đơn hàng trên Lazada",https://helpcenter.lazada.vn/s/faq/knowledge?categoryId=101400309&m_station=faq&questionId=k0200000000000000000000000000jva,2026-09-20,not-stated,public-source
